filepath,md_metadata_1,md_metadata2
hznrjbueiy,lorsduswip,gpzgutpzbf
lcgupjhbck,rcfthkszyr,thbmhykbxw
huzmenbcde,upsbnmzdma,mdmbtvzuit
itzdpiheqg,jcqtvoksya,mkdetrdswl
ldgiygytti,ofzkaaetzk,dmffpclxzt
hmpkqgumac,tmvrrafqdt,xiulskyvfn
fimiywjryk,nltjgsczjz,fzfgmfgiaw
eovjyrmylm,jdkczumyrg,elovznwtay
zgbwtkvqev,mxvtxnujus,ivngphwgie
guybwoiwji,qsllqlmjwd,cewdsvojsh
lkwlisafye,jcytbvwexk,ezguivxrmi
lqpwqrdrco,btnxfisrsm,gxoetjleny
igouasjadq,yzfpzlpqnq,jmntjozraj
xjjxzwutiz,pponoptqbk,gsiekdqdrm
ybeopkqewo,tuhjrrrwzj,pierljfyxq
ltkzxpntwv,hvphgkuoof,qxarzitklp
jfsyiuxgob,srtecsuvvh,qcwiewmhzm
iskauztnyp,egioumsxne,rzvbonbmes
mvzybxbrsp,ovsizoecjt,fxincryhns
qbhfljcodk,eykyevkrmo,zrwejjizmx
kzpvwnkrkm,qbgflbxrgm,cmcltlykyq
gxxzcqndsd,gbfbljtptn,evmidnbowc
lcuwsegqmc,kufbctdyjj,jcnxfmyche
bbpnkwgnzn,gszjrphsvx,xksnhqrggh
exygrpciez,lyszsyrjzw,pcgndyvwqh
etgxuebxli,yvqratfgka,csbogsdvkn
nobwpybmsz,cmusqvnqaz,mctfgkszcr
gjqpnmxadu,lafygtrtnq,pcmjpiaxyp
gcfbheyedz,htlvlhtpgh,mqsckaxrkg
kkzmskonsy,epzlcrmwky,umasvrpeao
nhccenjmhh,wbckadhemw,kavgkzskrr
xxkrshyjgq,hwqcybccup,lgrcwnoefd
gptosltnft,wcecqsjwdj,dtridzdezb
twmobqztmg,awtpvrtxik,fqpxlozaiu
jhxudpbuzv,linckqujwn,utjbgcyxsu
qfkvcggwen,pwazkljepq,njekxtxelg
wznsnnfmil,dcpqfypipk,tfdbgdyqeb
licfqbygjr,iolglkmpxh,evdnmdstbu
pqwjqyqmks,ykvlhafiwv,awyxalicap
udupzjlnbe,eiorlptdbc,rwouotrtcv
cwefuulhra,vmseylcqib,cjjwijtsbc
qcfzdysxxi,zgpuhknthm,bxfarsjryx
nwgxdbhhzq,kpqycepasq,jugahldfbj
ifzuvrsneq,yosnapmdnd,dgtgvqmfog
wlemuyjxjh,dtxjsjjfql,hevnyktkis
pkkstdpcui,nzjyxiprxs,yysptozcgh
mrbadxdtcs,ymkderneoh,iweqhpwuti
vcdegciloi,ancayucril,avldwveaxh
csvoqtnjbl,tgrluwnleo,xcogtbkovw
xaqewilkvp,zhynsmxasu,ohfydqagnz
mgchbqxetj,yxbhkkljeg,urvfgejypb
fvcfcstiar,uzvletqwzz,jaeglemooh
pabpslbehd,iprkgrjojg,sznfhjzpdi
aahhcstkhy,fsapchedcv,vgnmdxhdte
xxattpqcxq,xrwmcokabb,xbofvflwho
kypobajgme,gtygajstqk,yxjzikoksq
gemfzzxidh,lktcsieahn,qvwchmjfii
mpmwuksysf,xktgopwpyu,xyjoqbbsgr
majkhcikyc,kzgroqxylc,vxpafmynqn
zuobgwnsgg,xqqmbrfhhy,cgwoibfkbm
wecdpaiiri,gzvywazasm,vvcyqeqjeu
vniiqtlyla,xdgyhaawrs,pqepqtmwpj
dzwhsnccqn,dnkxactsgz,fccbycklnh
xymzzqrlxp,ohlevngbic,bvdqwzlrxi
mdrjbrkvvw,uwdjpixuey,rhzykppnfi
vllxgglhnb,nhrlumspat,wfozztvlak
yaxfbwdrgs,nddazhhzfv,itorstsfba
xdxdortkoc,pbrlsblwtc,xamwoozmyn
liojdmgvag,zlrgnxxdjv,ylqmrgbzwq
zsagohzcsd,ioonluvtlw,vgnddjmkxi
xiowmetbut,pkcgqlnpfm,zepuovuulo
gczxuugufx,esaqljvqnt,xncvvfndnl
ppzmjbcufd,fikwlizwlj,xzibhravcz
imeiqtsoeo,ygpbhjvese,pwyefnasjm
yqofhotsxe,xxwlymfrux,zggurgesho
kgmaahnosu,kgiedbiveg,yewpexvqcv
jdhjitlckx,xgycobmiat,cbzsehmqod
demahmgiot,uezajquvcs,ivstcgwbbn
itgvxoicpk,jfwvjyiiyt,jlyzocquwj
vnxpwvfyae,ldpdnqsupb,jxjlwmrjvy
hyporvpove,ilwhggalff,ijvjlvjber
xabstkuqsz,jjqdugdjlr,jiquyjjqad
lszckrtrvb,clyosdkqgw,zaxlytgdfu
bcrhihqvxd,btpycltszs,pwhwkypdhc
masaxkvjjv,vipiotqkmi,cqnbranbhr
wmqjgcsmjt,twyjkmdrco,bljwyxukpq
hkhymgoqao,rzjoopxxsq,yptbvyxfaj
fvjinklvcy,kgvkgquvjj,xyyzjsaetq
yqnnsezeeu,ludgraqpow,ihciyvicsa
gpayumxgvv,ndyqbczwcn,yxxcxhshfh
kjhqfkiaeh,tfetqnyavt,uogpepzqbe
ljazlfhufb,cxexrdldzx,rvrspvjxhm
msgttmoorq,pxjpivlaku,kycghsxcfd
hjcfzofljj,gmpsngoxyy,weyjqajqix
ngabnjzfjn,tgtflamfda,mpnikmdcxk
termyqtpqi,eynlojabvp,gnebvtlmop
aiuulncbxf,slufgtoyjn,aadxnyeiot
gsglbzlfjp,pgfcqoyxmj,ipwtepugwr
splzjnhtgg,xwmidxwjhi,jjxltguzno
nqzfqiofdc,qkwhpvahqq,ahcchgimve